,L-Methionine,Tryptophan,L-Phenylalanine,L-Tyrosine,Dimethylallyl diphosphate,Geranyl diphosphate,Geranylgeranyl diphosphate,Farnesyl diphosphate,Campesterol,Indoleglycerol phosphate,L-Lysine,Anthranilate,Cholesterol,L-Proline,L-Alanine,Isopentenyl diphosphate,L-Arginine,Secologanin,L-Aspartate,L-Histidine,p-Coumaroyl-CoA,Naringenin,Cinnamoyl-CoA,Apigenin,Kaempferol,Pelargonin,Cyanidin,Delphinidin,Liquiritigenin
Layered FP + Low Variance FS + Ridge Classifier,1.0,0.975609756097561,0.9347826086956522,0.9500000000000001,1.0,1.0,0.9259259259259259,0.7058823529411764,0.8571428571428571,1.0,1.0,1.0,0.6666666666666666,0.7272727272727273,0.6666666666666666,0.761904761904762,0.8,0.9090909090909091,0.8,0.6666666666666666,0.888888888888889,1.0,0.8148148148148148,1.0,1.0,1.0,1.0,1.0,1.0
Layered FP + Ridge Classifier,1.0,0.975609756097561,0.9148936170212766,0.9500000000000001,0.8571428571428571,0.8571428571428571,0.912280701754386,0.5555555555555556,0.8571428571428571,0.8,0.9090909090909091,1.0,0.6666666666666666,0.923076923076923,0.6666666666666666,0.9166666666666666,0.8571428571428571,0.9090909090909091,0.6666666666666666,1.0,0.8000000000000002,1.0,0.8666666666666666,1.0,1.0,1.0,1.0,1.0,1.0
Morgan FP + Ridge Classifier,1.0,0.9523809523809523,0.9010989010989012,0.9743589743589743,1.0,0.8333333333333334,0.8888888888888888,0.588235294117647,1.0,0.5,0.6,0.9090909090909091,1.0,0.25,0.6666666666666666,0.9166666666666666,0.6666666666666666,0.9090909090909091,0.8,1.0,0.888888888888889,1.0,0.8275862068965518,1.0,1.0,1.0,1.0,1.0,1.0
MGCNN (Eguchi et al. 2019),1.0,0.9523809523809524,0.9166666666666666,0.9230769230769232,0.6,0.6666666666666667,0.9473684210526316,0.888888888888889,1.0,0.8571428571428571,0.7692307692307693,0.8333333333333334,1.0,0.7142857142857143,0.6666666666666666,0.8181818181818181,0.7272727272727272,0.9090909090909092,0.5714285714285715,0.6666666666666666,0.7272727272727272,0.6666666666666666,0.6206896551724138,0.6666666666666666,1.0,1.0,1.0,1.0,1.0
