bit,coefs
83,0.12306043
277,0.12683827
595,0.1140838
922,0.186121
940,0.14535938
969,0.10580715
