bit,coefs
316,0.14749447
430,0.21995889
584,0.11684813
