bit,coefs
191,0.10942539
237,0.112092994
584,0.11684813
585,0.11199185
595,0.1140838
638,0.15200798
841,0.13717824
940,0.14535938
