bit,coefs
83,0.12306043
430,0.21995889
584,0.11684813
841,0.13717824
