bit,coefs
237,0.112092994
430,0.21995889
584,0.11684813
