bit,coefs
402,0.111753695
762,0.101698205
922,0.186121
967,0.17374286
