bit,coefs
430,0.21995889
528,0.11368144
638,0.15200798
841,0.13717824
