bit,coefs
316,0.14749447
628,0.23039259
638,0.15200798
922,0.186121
